feature,jm_1_2,jm_1_3,jm_1_4,jm_mean,jm_min
dist_to_valley_proxy_m,1.9622624990561865,1.9156044734178528,1.9587625000085058,1.9455431574941817,1.9156044734178528
elevation,0.8386459690476629,0.2485991364283453,0.6525097042922288,0.5799182699227456,0.2485991364283453
slope,0.22053450102301242,1.221654994353811,0.013074204750435747,0.48508790004241975,0.013074204750435747
NDBI_M04,0.814086966789795,0.11711725737626,0.4657092904073814,0.46563783819114546,0.11711725737626
blue_M04,0.2622914874387039,0.24957299704689606,0.8706924767836395,0.46085232042307983,0.24957299704689606
NDMI_M04,0.7757885287364532,0.12533379013587642,0.4490237496426366,0.4500486895049887,0.12533379013587642
swir2_M04,0.9114307280718141,0.33427065626238983,0.099616154338658,0.44843917955762064,0.099616154338658
BSI_M04,0.9509320669283721,0.07355188913023003,0.3070538589039331,0.44384593832084507,0.07355188913023003
VV_VH_ratio_M10,0.8415252764259391,0.4272271535677521,0.04515044482747532,0.4379676249403888,0.04515044482747532
LSWI_M04,0.7944144073698365,0.1890185414381369,0.32719526653144704,0.4368760717798068,0.1890185414381369
swir1_M04,0.9348928255605953,0.165311648457797,0.16396574627762983,0.42139007343200735,0.16396574627762983
green_M04,0.22377690650330173,0.18197384914652726,0.8511138032599455,0.4189548529699248,0.18197384914652726
green_M05,0.18110820456018728,0.3689729145006946,0.6688711774556879,0.4063174321721899,0.18110820456018728
VV_VH_ratio_autumn_decline,0.7911668907045619,0.32934810431869144,0.05127114344327688,0.39059537948884343,0.05127114344327688
NDBI_M10,0.7168878985360274,0.15092382044914965,0.29067197964323066,0.3861612328761359,0.15092382044914965
blue_M05,0.11962503529594759,0.3454448114812745,0.6835196637664429,0.3828631701812217,0.11962503529594759
blue_M10,0.08105683595777435,0.28995347591887355,0.7614212281207482,0.37747717999913205,0.08105683595777435
red_M04,0.15790673629702012,0.15777793753433822,0.8011506861280493,0.3722784533198025,0.15777793753433822
NDMI_M10,0.6645369619115957,0.14789214270845963,0.27271658506218,0.36171522989407845,0.14789214270845963
BSI_M10,0.7529266633448104,0.1942380502745562,0.08030937003750305,0.34249136121895657,0.08030937003750305
NDVI_tex_asm,0.6211988169808091,0.37591786502257163,0.021452459578506833,0.33952304719396253,0.021452459578506833
swir1_M08,0.7560193828525201,0.1621972169155541,0.08122710925707732,0.33314790300838387,0.08122710925707732
VV_VH_ratio_std,0.8719104862165001,0.07491078801357065,0.049348187959507905,0.3320564873965262,0.049348187959507905
NDMI_autumn_decline,0.4487439649428506,0.25276262572218067,0.2788781616258418,0.32679491743029104,0.25276262572218067
LSWI_min,0.7941692095571253,0.16632992300526928,0.01788339452531318,0.32612750902923593,0.01788339452531318
swir1_M10,0.8705293677504435,0.07991619921404602,0.02790389527459869,0.3261164874130294,0.02790389527459869
VV_VH_ratio_M03,0.788593714086572,0.14745245576977561,0.02893663532324431,0.321660935059864,0.02893663532324431
swir2_M10,0.8265958846388586,0.10263122262212243,0.02079339025751148,0.31667349917283083,0.02079339025751148
green_M10,0.056882206003360025,0.13904398308886545,0.7502222320666951,0.31538280705297356,0.056882206003360025
VV_VH_ratio_amp,0.8272347023413655,0.06245849120067826,0.035790943811430775,0.30849471245115817,0.035790943811430775
VV_VH_ratio_a0,0.7810537598935403,0.12052050563367334,0.023098742187331434,0.3082243359048484,0.023098742187331434
swir1_M07,0.6210507394179516,0.19716163991046143,0.10442326366453791,0.30754521433098364,0.10442326366453791
red_M05,0.044956294638240246,0.4157594252464092,0.46035916211217365,0.3070249606656077,0.044956294638240246
NDVI_a2,0.2473378988744641,0.5270866203275066,0.13733014232212115,0.30391822050803063,0.13733014232212115
VV_VH_ratio_max,0.8020551584511224,0.06890620333939013,0.034346705842044134,0.3017693558775189,0.034346705842044134
VV_VH_ratio_mean,0.7350642092903845,0.1277660659733726,0.036790680898871164,0.2998736520542094,0.036790680898871164
swir1_M09,0.7740580234907668,0.05388528445225704,0.06702721207243156,0.29832350667181845,0.05388528445225704
VV_VH_ratio_spring_rise,0.7372986081208726,0.1360842166771825,0.021248137378336196,0.2982103207254638,0.021248137378336196
NDVI_a3,0.20681088601631648,0.5443412085389812,0.14282589271294732,0.2979926624227483,0.14282589271294732
EVI_a2,0.2813024889598752,0.4888387354043975,0.12377525321861094,0.29797215919429454,0.12377525321861094
swir2_M08,0.681080178940656,0.11339963342429815,0.08458798740573448,0.2930225999235629,0.08458798740573448
swir2_M05,0.4250592225382439,0.3721441307322624,0.07940693887533756,0.29220343071528126,0.07940693887533756
EVI_a3,0.17995012666677823,0.5307480821983175,0.15136063768127417,0.28735294884879,0.15136063768127417
swir1_M05,0.591272380875913,0.14825474528128457,0.11300245878889137,0.284176528315363,0.11300245878889137
nir_M04,0.1414729185849506,0.01510195390750968,0.6905707464765802,0.28238187298968015,0.01510195390750968
EVI_M05,0.2607204005253887,0.37329704588494317,0.20311195771837776,0.2790431347095699,0.20311195771837776
GCVI_M03,0.5502739858406867,0.13005448050551593,0.15090427325777656,0.27707757986799303,0.13005448050551593
LSWI_M10,0.5977816730229497,0.11673114739282409,0.11411212491751899,0.2762083151110976,0.11411212491751899
swir2_M09,0.7226481955389983,0.046126253767807324,0.05982695103907587,0.2762004667819605,0.046126253767807324
EVI_a1,0.36717157163717506,0.3628776179854072,0.08415818442855527,0.2714024580170458,0.08415818442855527
NDVI_r2,0.5623328528317018,0.009761349922760454,0.2364202827882833,0.2695048285142485,0.009761349922760454
red_M10,0.046894308840238486,0.06677176361452664,0.6921468821105945,0.2686043181884532,0.046894308840238486
VH_db_r2,0.1847835327552867,0.4859508841860425,0.1306278809024164,0.2671207659479152,0.1306278809024164
NDVI_a1,0.24163082844705142,0.4194960795024645,0.13434780367149357,0.26515823720700316,0.13434780367149357
NDMI_r2,0.16337811314132655,0.3441147891119869,0.27070422574704045,0.25939904266678465,0.16337811314132655
swir1_M06,0.6056961679576796,0.08279333907363506,0.08364556989633432,0.25737835897588296,0.08279333907363506
NDMI_min,0.7276398439882537,0.02715388279449238,0.013712370744201285,0.2561686991756491,0.013712370744201285
LSWI_autumn_decline,0.34687294960554227,0.22240568780925019,0.16511808267541928,0.24479890669673723,0.16511808267541928
VV_VH_ratio_M04,0.64299686483973,0.05951767167995947,0.025953905571264313,0.2428228140303179,0.025953905571264313
swir2_M07,0.5429172972520591,0.08318446181292893,0.09372523364065954,0.23994233090188252,0.08318446181292893
NDBI_M09,0.33799246322059107,0.22154355053985175,0.1570760696488227,0.23887069446975517,0.1570760696488227
VV_db_a3,0.2703885216986992,0.3179743874846144,0.12603940658680157,0.23813410525670506,0.12603940658680157
NDVI_M05,0.08645143706712521,0.42177318151591536,0.20278242499021149,0.23700234785775068,0.08645143706712521
red_M08,0.622557993288519,0.011849244563352013,0.07635379185623092,0.23692034323603398,0.011849244563352013
BSI_M09,0.3268941417574225,0.18007913932625152,0.19844422584420895,0.235139168975961,0.18007913932625152
VH_db_M04,0.024833194251857593,0.5291506030336217,0.1414977577213432,0.23182718500227417,0.024833194251857593
VV_minus_VH_db_r2,7.498146490347857e-05,0.5680163956627604,0.11973744962949717,0.22927627558572036,7.498146490347857e-05
VH_db_a3,0.09525061660329714,0.5078368367894988,0.08446678747153524,0.22918474695477706,0.08446678747153524
VV_VH_ratio_r2,0.0018626808534720762,0.5454840427197074,0.13895990936672042,0.2287688776466333,0.0018626808534720762
VH_db_std,0.13624079096117003,0.5343192136423962,0.013824240722304815,0.22812808177529034,0.013824240722304815
EVI_a0,0.4478353368959185,0.03607319865744696,0.19772308877920897,0.22721054144419148,0.03607319865744696
red_M07,0.5934442618938918,0.018023582683334594,0.06599463616722878,0.2258208269148184,0.018023582683334594
VH_db_amp,0.17260987808797568,0.46977795842278924,0.019027947451109917,0.22047192798729162,0.019027947451109917
VV_VH_ratio_M09,0.545601943969674,0.06955219099621668,0.04248880135277422,0.21921431210622164,0.04248880135277422
NDMI_M09,0.26745364159479523,0.21450778981725116,0.17198656059571782,0.21798266400258806,0.17198656059571782
EVI_M04,0.11742890792579952,0.12880052098696249,0.3972491410664438,0.21449285665973528,0.11742890792579952
VV_minus_VH_db_a0,0.30700903195922713,0.29306741763301547,0.041079242192516796,0.21371856392825314,0.041079242192516796
VV_minus_VH_db_std,0.29302660209140985,0.3406536146630197,0.006884077330881366,0.2135214313617703,0.006884077330881366
GCVI_M05,0.12634910942301203,0.23688583975838284,0.27679107439833484,0.2133420078599099,0.12634910942301203
EVI_M03,0.4104138060154858,0.015074808937457274,0.21194369109404043,0.21247743534899452,0.015074808937457274
blue_M08,0.511046807275511,0.01303236570989097,0.11176458408217038,0.2119479190225241,0.01303236570989097
NDVI_mean,0.2436887650388837,0.15897954949893722,0.23268486043310532,0.2117843916569754,0.15897954949893722
VH_db_min,0.0748908296208397,0.4496366632911488,0.10217280599522072,0.2089000996357364,0.0748908296208397
EVI_min,0.3494336081822691,0.018949830726374017,0.2569855727188266,0.20845633720915657,0.018949830726374017
nir_M05,0.4263898097726393,0.1514198415211736,0.03411251477377175,0.20397405535586155,0.03411251477377175
swir2_M06,0.5247699229906289,0.0033924530915465656,0.0812157442949244,0.20312604012569993,0.0033924530915465656
VV_minus_VH_db_max,0.38272172740509824,0.16983977137827755,0.05111477348075666,0.20122542408804414,0.05111477348075666
LSWI_a3,0.2096071984739014,0.31828422742995643,0.06688119426035155,0.19825754005473648,0.06688119426035155
green_M08,0.4553595375343209,0.005010732309562949,0.1310351675706758,0.19713514580485322,0.005010732309562949
red_M09,0.5222546395225929,0.011638909559660515,0.0567042832853053,0.19686594412251956,0.011638909559660515
NDBI_M08,0.2372656365384438,0.29233959915211716,0.05968501762820955,0.19643008443959017,0.05968501762820955
LSWI_std,0.32953241175980974,0.25182816191070767,0.004658866806187767,0.19533981349223506,0.004658866806187767
VV_VH_ratio_M05,0.3367891283354707,0.2159427573109689,0.03206294682577049,0.19493161082407004,0.03206294682577049
LSWI_M09,0.30252909357962876,0.15922777638518526,0.12193283934101284,0.19456323643527562,0.12193283934101284
VV_VH_ratio_min,0.3806689617297072,0.1611990768450755,0.041818201518853515,0.1945620800312121,0.041818201518853515
NDMI_mean,0.399750001412563,0.106538502803313,0.0745798335280099,0.19362277924796198,0.0745798335280099
NDVI_M10,0.11325901767505875,0.18792924504215436,0.2766897509051023,0.1926260045407718,0.11325901767505875
VH_db_M05,0.043609467349925435,0.42156216682753134,0.11265344574857195,0.1926083599753429,0.043609467349925435
VV_minus_VH_db_M03,0.28043838146331423,0.2571227547567154,0.03991090126470809,0.19249067916157925,0.03991090126470809
VV_db_a2,0.18076330792453543,0.2965019931892119,0.096799495131078,0.19135493208160845,0.096799495131078
NDMI_a3,0.24972580000097144,0.1878976519535427,0.13327880954894544,0.19030075383448652,0.13327880954894544
blue_M07,0.4843710245409658,0.012539898951047235,0.07205995725632541,0.18965696024944614,0.012539898951047235
LSWI_mean,0.3859248016685959,0.1497989889269824,0.029493557610392518,0.1884057827353236,0.029493557610392518
NDVI_max,0.3550342111239355,0.11183087838974703,0.09646653658349935,0.18777720869906064,0.09646653658349935
BSI_M08,0.24280682595994918,0.24706908580302134,0.07049251281673508,0.18678947485990186,0.07049251281673508
red_M06,0.43248767778838104,0.028745575408253066,0.09479866143020677,0.1853439715422803,0.028745575408253066
nir_M10,0.0493536955084557,0.0011916096991930747,0.5049066694910247,0.18515065823289115,0.0011916096991930747
VV_minus_VH_db_mean,0.3552589794432399,0.1335037077331287,0.06654042857133957,0.1851010385825694,0.06654042857133957
NDVI_M04,0.08036294528998877,0.2009886979721418,0.2719311693653155,0.1844276042091487,0.08036294528998877
VH_db_mean,0.04113363164006634,0.39535449731954464,0.11315010877124831,0.18321274591028644,0.04113363164006634
VH_db_a2,0.09350709781332278,0.40412724228131114,0.051854788634075,0.18316304290956964,0.051854788634075
VH_db_a0,0.03728868526198559,0.4074584996918904,0.10354738433203492,0.18276485642863696,0.03728868526198559
green_M07,0.40672609393544823,0.03784906313740599,0.10140224988004465,0.18199246898429963,0.03784906313740599
NDVI_M08,0.43671551078992077,0.034812781179115904,0.07073384485678536,0.18075404560860733,0.034812781179115904
VV_minus_VH_db_amp,0.25534816314707154,0.2816445681975768,0.004121053071571179,0.18037126147207316,0.004121053071571179
BSI_M05,0.09919238763833338,0.26995834417525755,0.165451275394898,0.1782006690694963,0.09919238763833338
VV_minus_VH_db_M04,0.30116783401846936,0.18752480934927096,0.03634123858038141,0.17501129398270723,0.03634123858038141
NDMI_M08,0.19192739226480326,0.2806891718131048,0.05142134114525154,0.1746793017410532,0.05142134114525154
green_M09,0.4285163534276535,0.01922387888419652,0.06304123290735197,0.17026048840640065,0.01922387888419652
VV_db_r2,0.21645234136738378,0.20380284248050207,0.08894823779951322,0.16973447388246635,0.08894823779951322
LSWI_M05,0.09446429342038498,0.3318248654082836,0.08242861026840576,0.16957258969902478,0.08242861026840576
VH_db_M03,0.03453482408987907,0.37607043291757725,0.0954668693092029,0.16869070877221973,0.03453482408987907
GCVI_M07,0.12773074412232432,0.20064179604080157,0.1708954166097223,0.16642265225761607,0.12773074412232432
NDVI_M09,0.3779997836275828,0.013335819704508145,0.10631678627905594,0.16588412987038229,0.013335819704508145
nir_M09,0.26721211918180643,0.21650496701739752,0.0076568165372326025,0.16379130091214553,0.0076568165372326025
blue_M09,0.4340079957453602,0.0016767247310216504,0.053554822010967174,0.163079847495783,0.0016767247310216504
LSWI_M08,0.23983068165689514,0.18980080528675303,0.0568113880078116,0.16214762498381993,0.0568113880078116
LSWI_a2,0.2158045829741515,0.2334522971654367,0.03360956693024142,0.16095548235660986,0.03360956693024142
NDVI_min,0.34639819444227804,0.07290975028461388,0.059687388214516135,0.15966511098046934,0.059687388214516135
LSWI_amp,0.3348340829956493,0.1348589032616958,0.006381714351359369,0.15869156686956817,0.006381714351359369
VV_VH_ratio_a2,0.22485430624963065,0.20432093332846146,0.046456522220719165,0.15854392059960376,0.046456522220719165
GCVI_M08,0.1314345067081346,0.11146062028557502,0.231454672467444,0.15811659982038453,0.11146062028557502
NDBI_M07,0.20007474049102214,0.19916488681144373,0.07311012433435993,0.15744991721227528,0.07311012433435993
NDVI_M03,0.3530092766346862,0.05686197458013598,0.059940833780409264,0.1566040283317438,0.05686197458013598
VV_minus_VH_db_M10,0.36564260703970763,0.05499434272867787,0.04432469553215812,0.1549872151001812,0.04432469553215812
GCVI_M04,0.08117119661264804,0.13110791757938722,0.2525569404426704,0.15494535154490188,0.08117119661264804
VV_VH_ratio_a3,0.3770476357295993,0.0763229098008622,0.008788099341826339,0.15405288162409594,0.008788099341826339
VV_VH_ratio_M06,0.37508767920333486,0.06986233957258214,0.01588694674779978,0.15361232184123894,0.01588694674779978
NDVI_M07,0.3827237954564633,0.019722110318484587,0.056862578936672126,0.15310282823720667,0.019722110318484587
VV_VH_ratio_a1,0.2603695132149795,0.15467711792512562,0.042536860248997055,0.15252783046303406,0.042536860248997055
VV_VH_ratio_M08,0.3822492818868186,0.04437498775660731,0.029219268598629666,0.1519478460806852,0.029219268598629666
LSWI_r2,0.043229852831454973,0.3014895737511678,0.11081912844484343,0.1518461850091554,0.043229852831454973
GCVI_M10,0.06134589321415973,0.12284361477275252,0.2672021475079649,0.15046388516495904,0.06134589321415973
NDVI_M06,0.3060652627788949,0.055960811013659795,0.08904008505742866,0.15035538628332779,0.055960811013659795
nir_M08,0.27298213177346153,0.1703411236854122,0.0076322310049838915,0.15031849548795254,0.0076322310049838915
VV_db_mean,0.009172809680299432,0.36916897706287566,0.07047948706970164,0.14960709127095892,0.009172809680299432
BSI_M07,0.2014380425353024,0.17112152888580034,0.07533775375123941,0.14929910839078073,0.07533775375123941
GCVI_M09,0.16715682454710512,0.010568606497203925,0.2694021184565605,0.14904251650028985,0.010568606497203925
VV_db_M05,0.02259358545245327,0.3271478344736316,0.09478346872866106,0.1481749628849153,0.02259358545245327
VV_db_M04,0.002626530065869881,0.3474565192461545,0.09141387310744542,0.14716564080648994,0.002626530065869881
VV_db_min,0.022458956848687928,0.33358434256987457,0.0841464408292052,0.14672991341592256,0.022458956848687928
VV_minus_VH_db_spring_rise,0.13278797595784209,0.2993134710854344,0.0008225943418711523,0.1443080137950492,0.0008225943418711523
nir_M06,0.30783930368798806,0.06195694657546391,0.0567961299175892,0.14219746006034706,0.0567961299175892
blue_M06,0.2937684938823455,0.02368257496843995,0.09621376657942893,0.13788827847673812,0.02368257496843995
NDMI_M07,0.14750628854638936,0.1916667141947268,0.07442423343548676,0.13786574539220098,0.07442423343548676
green_M06,0.2836038893444166,0.013450954478877675,0.11607484179557126,0.1377098952062885,0.013450954478877675
EVI_amp,0.31283867384350383,0.07146944218354734,0.022993769498900196,0.13576729517531713,0.022993769498900196
NDVI_a0,0.3475660962087501,0.029962005920257884,0.029160053409814868,0.13556271851294097,0.029160053409814868
EVI_std,0.29166951364906546,0.0794117126306062,0.033530848200328034,0.13487069149333322,0.033530848200328034
LSWI_spring_rise,0.03429996070574881,0.30717656859456177,0.05815013072030051,0.13320888667353703,0.03429996070574881
LSWI_M07,0.2229039208607455,0.10612905236736259,0.06594575001906433,0.13165957441572415,0.06594575001906433
GCVI_M06,0.14060874606187035,0.03837763749988765,0.21403623945926697,0.13100754100700832,0.03837763749988765
NDMI_a2,0.2199950352672737,0.11357354513001794,0.05683688819290644,0.1301351561967327,0.05683688819290644
VV_db_M10,0.0056076771720001695,0.31775029228577556,0.059134863346499866,0.12749761093475853,0.0056076771720001695
NDMI_spring_rise,0.03501567922861493,0.2842743019739271,0.04523296438499913,0.12150764852918039,0.03501567922861493
VV_VH_ratio_M07,0.28320481127336206,0.033153173346194054,0.046728474141117804,0.12102881958689131,0.033153173346194054
VV_db_M06,0.013239746411879416,0.2674269469858943,0.07899661021395543,0.11988776787057638,0.013239746411879416
EVI_max,0.19505781115347842,0.08572823304498733,0.07421777958079723,0.11833460792642099,0.07421777958079723
nir_M07,0.29935109323024167,0.039272793253173566,0.013048484617590894,0.11722412370033537,0.013048484617590894
EVI_mean,0.05366161304138095,0.07327350466971083,0.22226669361128404,0.11640060377412527,0.05366161304138095
VH_db_spring_rise,0.073119775077082,0.25488214486488436,0.020021528652785836,0.11600781619825073,0.020021528652785836
swir2_M03,0.2048454331217182,0.12555827304648814,0.014903766916105843,0.11510249102810406,0.014903766916105843
VH_db_M06,0.03817076470977643,0.20121352386709512,0.10458135777838096,0.11465521545175084,0.03817076470977643
NDBI_M05,0.05010508491704169,0.20504440329832074,0.0877194504768164,0.11428964623072628,0.05010508491704169
VV_minus_VH_db_M05,0.1766999098635187,0.11626632323869734,0.04795631411646939,0.11364084907289514,0.04795631411646939
EVI_M10,0.073754483746864,0.0750021999279149,0.18525000825724613,0.11133556397734168,0.073754483746864
LSWI_M06,0.2490015230308793,0.010906878415654297,0.06857971107794736,0.10949603750816032,0.010906878415654297
VH_db_max,0.029193943847885206,0.18834512650272384,0.1058402709983648,0.10779311378299128,0.029193943847885206
VV_db_a0,0.003486249731509794,0.26760749810002205,0.04579003181254282,0.10562792654802489,0.003486249731509794
VH_db_M07,0.04494373202822666,0.17048986439885727,0.09916583820766767,0.10486647821158386,0.04494373202822666
VV_minus_VH_db_min,0.17333663507623753,0.08141723962583614,0.05539884775145221,0.10338424081784196,0.05539884775145221
LSWI_max,0.18157512472172255,0.10996462367395021,0.016480287908466895,0.10267334543471322,0.016480287908466895
NDMI_M05,0.031470306264903325,0.193704792761749,0.08218372551163822,0.10245294151276352,0.031470306264903325
EVI_spring_rise,0.2727523776913079,0.01287392955583977,0.01855517109468585,0.1013938261139445,0.01287392955583977
VV_db_autumn_decline,0.2425340725261529,0.007871843882724328,0.05322159049567454,0.10120916896818392,0.007871843882724328
VV_db_M03,0.006984020939291513,0.25915341696416005,0.03708690148045224,0.1010747797946346,0.006984020939291513
LSWI_a0,0.15801589891307333,0.11609684267705211,0.028908975379345003,0.10100723898982349,0.028908975379345003
LSWI_a1,0.20032579014360063,0.0774290025377331,0.022853516681952568,0.1002027697877621,0.022853516681952568
red_M03,0.15994313674553395,0.02569392035525686,0.10968756874328767,0.09844154194802616,0.02569392035525686
NDVI_tex_contrast,0.20388682678867864,0.009307742549396147,0.08024435424446708,0.09781297452751396,0.009307742549396147
BSI_M03,0.15399802905538706,0.13452697629881305,0.004180495056108402,0.0975685001367695,0.004180495056108402
NDBI_M06,0.19717088771510616,0.010797155172587392,0.08405443452700356,0.09734082580489904,0.010797155172587392
EVI_M06,0.13579598937437964,0.06898498338640668,0.08679306482939975,0.09719134586339535,0.06898498338640668
VV_db_max,0.003337058255864278,0.24421321045773303,0.043945891279031146,0.09716538666420949,0.003337058255864278
NDVI_amp,0.1491826152768041,0.10154218020646222,0.03947085285709773,0.09673188278012135,0.03947085285709773
BSI_M06,0.18804232794394493,0.004650789342890205,0.0944572112362605,0.0957167761743652,0.004650789342890205
VV_db_a1,0.09770112685565402,0.15071972659380029,0.03683953929100614,0.09508679758015348,0.03683953929100614
swir1_M03,0.17108504832244797,0.10514652346207654,0.008370499957003341,0.09486735724717595,0.008370499957003341
green_M03,0.13279422583646228,0.028239606569218978,0.11872041389062149,0.09325141543210091,0.028239606569218978
VV_db_M08,0.02327730045469356,0.19632950051892184,0.05992237858749894,0.09317639318703812,0.02327730045469356
blue_M03,0.12108387939178278,0.03225513078930353,0.1240393562780584,0.09245945548638157,0.03225513078930353
EVI_M09,0.07385633074946818,0.1017679463146095,0.1016780119526608,0.09243409633891282,0.07385633074946818
NDVI_tex_ent,0.13777679534952947,0.12556634663890898,0.006300329771633528,0.08988115725335732,0.006300329771633528
VV_minus_VH_db_M09,0.18941607559783757,0.013786774790210954,0.06351071991338686,0.08890452343381179,0.013786774790210954
VH_db_M08,0.04826442698130928,0.1175328848552224,0.0879100854958812,0.08456913244413762,0.04826442698130928
VV_minus_VH_db_autumn_decline,0.22501565604913987,0.00758452769779705,0.017939023953022826,0.08351306923331991,0.00758452769779705
NDMI_M06,0.14661884696912075,0.010242236688356776,0.08700510680693796,0.08128873015480516,0.010242236688356776
LSWI_M03,0.11829412451619459,0.12036085303610577,0.0016050226050439154,0.08008666671911475,0.0016050226050439154
EVI_M08,0.10248551649195714,0.1035903280606838,0.03374273875819789,0.07993952777027961,0.03374273875819789
NDVI_tex_var,0.11167766665451095,0.08673034339356045,0.040609845350819684,0.07967261846629703,0.040609845350819684
NDMI_a0,0.1045725623147773,0.09731467707843167,0.03597407333869329,0.07928710424396741,0.03597407333869329
VV_db_M09,0.05844575652397643,0.08668515292014933,0.09116779834778943,0.0787662359306384,0.05844575652397643
VV_VH_ratio_peak_month,0.004827046675284219,0.2115334742223236,0.01910624650436965,0.07848892246732582,0.004827046675284219
NDMI_peak_month,0.08693465717615867,0.1359629507342588,0.010180944001416892,0.07769285063727811,0.010180944001416892
VV_minus_VH_db_M06,0.15241830347779817,0.045838573616538536,0.03408265502823782,0.07744651070752484,0.03408265502823782
VH_db_a1,0.09054790559484549,0.12531237864449296,0.0155575329394404,0.07713927239292628,0.0155575329394404
EVI_autumn_decline,0.13218204635954134,0.07632804787634884,0.022520646661996047,0.07701024696596208,0.022520646661996047
VH_db_M09,0.09117822774182471,0.051057260171228025,0.08701371598082774,0.07641640129796017,0.051057260171228025
NDMI_a1,0.18613725082407462,0.029483826100141775,0.008626677724707488,0.0747492515496413,0.008626677724707488
nir_M03,0.07318840280270655,0.02987197178153589,0.1206679467137659,0.07457610709933611,0.02987197178153589
NDVI_peak_month,0.1059306945694174,0.10036908197326766,0.016602057140176374,0.07430061122762048,0.016602057140176374
VV_db_M07,0.03428682223833612,0.11820607806357919,0.06978458993564884,0.07409249674585472,0.03428682223833612
VV_minus_VH_db_M08,0.12331790351761174,0.05008262254585949,0.047040135350244094,0.07348022047123844,0.047040135350244094
VV_minus_VH_db_peak_month,0.009007352930119783,0.19195000653200367,0.016050265623015925,0.07233587502837979,0.009007352930119783
NDMI_amp,0.18595346184571482,0.027220223744364613,0.003499215970662828,0.07222430052024742,0.003499215970662828
VH_db_M10,0.023073271347419322,0.07414889104265177,0.11863941718329052,0.0719538598577872,0.023073271347419322
LSWI_peak_month,0.06547174078591755,0.14703119381391683,0.0009119888797932685,0.07113830782654255,0.0009119888797932685
EVI_M07,0.14930461601797695,0.024876122747738982,0.038254667603791814,0.07081180212316925,0.024876122747738982
NDBI_M03,0.09535022222735856,0.1106779202021353,0.004258199534055818,0.07009544732118322,0.004258199534055818
EVI_r2,0.007461126271802954,0.027464803038538488,0.17466270412378537,0.06986287781137561,0.007461126271802954
VH_db_peak_month,0.04624170944047368,0.1368719001030263,0.024267664316194093,0.06912709128656469,0.024267664316194093
NDMI_M03,0.09542802989041688,0.10426335073443105,0.0036457014782595998,0.06777902736770251,0.0036457014782595998
VV_db_amp,0.13735634532960228,0.04171232222431587,0.019949262497491738,0.06633931001713662,0.019949262497491738
NDVI_std,0.06495732436268464,0.10444872692105545,0.025915048630974047,0.06510703330490471,0.025915048630974047
NDMI_std,0.09685466878990145,0.06972509290811502,0.027533771433627452,0.06470451104388131,0.027533771433627452
VV_minus_VH_db_a3,0.05091605398426147,0.12505288631996803,0.011437026073689127,0.06246865545930621,0.011437026073689127
VV_minus_VH_db_a1,0.006435289177569636,0.13506163548223626,0.04524892359400967,0.06224861608460519,0.006435289177569636
VV_minus_VH_db_a2,0.020635211630771533,0.1389692035120147,0.026046329269796553,0.06188358147086093,0.020635211630771533
VV_minus_VH_db_M07,0.0914989526658101,0.010135003715052049,0.08227421668055768,0.061302724353806605,0.010135003715052049
VH_db_autumn_decline,0.08626566444554062,0.04870026469246613,0.048414135712498974,0.06112668828350191,0.048414135712498974
NDMI_max,0.10158545493546178,0.05688048622479114,0.01991118410663062,0.05945904175562785,0.01991118410663062
NDVI_tex_diss,0.13418739750416653,0.0034518174696478443,0.03557433114224362,0.057737848705352667,0.0034518174696478443
NDVI_tex_idm,0.09384286956133603,0.07439632560088416,0.0022911808846519666,0.056843458682290716,0.0022911808846519666
EVI_peak_month,0.04372204355536535,0.12483893307303262,0.0005974507520050132,0.05638614246013433,0.0005974507520050132
VV_db_std,0.09044263414104114,0.04596228143258463,0.02348639840802691,0.0532971046605509,0.02348639840802691
VV_db_spring_rise,0.12570799236111418,0.01523809661442277,0.01348219373691939,0.05147609423748545,0.01348219373691939
NDVI_spring_rise,0.12351106051064642,0.0061052277635305074,0.022391609872997043,0.05066929938239132,0.0061052277635305074
VV_db_peak_month,0.11412480482014264,0.03190521586402317,0.004252574056397007,0.05009419824685427,0.004252574056397007
NDVI_autumn_decline,0.005296056419908712,0.10991745222475102,0.03145741072614161,0.048890306456933784,0.005296056419908712
aspect,0.006285216945597583,0.013372780740016577,0.012170401172796552,0.010609466286136904,0.006285216945597583
