feature,missing_ratio,variance,rule_keep
BSI_M03,0.0,0.029785956276314925,True
BSI_M04,0.0,0.03057031108987523,True
BSI_M05,0.0,0.0261842235452447,True
BSI_M06,0.0,0.02506515955954461,True
BSI_M07,0.0,0.030869128405550953,True
BSI_M08,0.0,0.028567901763300884,True
BSI_M09,0.0,0.026071116428925498,True
BSI_M10,0.0,0.03892125090799453,True
EVI_M03,0.0,0.0243037019881954,True
EVI_M04,0.0,0.031209058403380965,True
EVI_M05,0.0,0.10629370138372884,True
EVI_M06,0.0,0.11502657358687275,True
EVI_M07,0.0,0.08985632029279332,True
EVI_M08,0.0,0.055907427599193565,True
EVI_M09,0.0,0.038391996219539266,True
EVI_M10,0.0,0.02762725530151371,True
EVI_amp,0.0,0.08577447555395931,True
EVI_autumn_decline,0.0,0.07044763469578341,True
EVI_max,0.0,0.07585626915514362,True
EVI_mean,0.0,0.03772602525138654,True
EVI_min,0.0,0.05694660867442794,True
EVI_peak_month,0.0,1.7867232712996783,True
EVI_spring_rise,0.0,0.0909855181412994,True
EVI_std,0.0,0.00919914240735425,True
GCVI_M03,0.0,0.7094739552798162,True
GCVI_M04,0.0,0.46872005661546,True
GCVI_M05,0.0,3.6114050215371303,True
GCVI_M06,0.0,5.395533417916795,True
GCVI_M07,0.0,6.82741069144896,True
GCVI_M08,0.0,4.97089624829453,True
GCVI_M09,0.0,3.186344779644618,True
GCVI_M10,0.0,1.072513059770142,True
LSWI_M03,0.0,0.10230363273245935,True
LSWI_M04,0.0,0.10358293813342284,True
LSWI_M05,0.0,0.0748997329238994,True
LSWI_M06,0.0,0.06325732467843749,True
LSWI_M07,0.0,0.07387030699844666,True
LSWI_M08,0.0,0.06633135112581973,True
LSWI_M09,0.0,0.06686000839674971,True
LSWI_M10,0.0,0.09161604396349395,True
LSWI_amp,0.0,0.06976131477507273,True
LSWI_autumn_decline,0.0,0.11531970159951489,True
LSWI_max,0.0,0.058359341903691374,True
LSWI_mean,0.0,0.039740443545027565,True
LSWI_min,0.0,0.04530359029619872,True
LSWI_peak_month,0.0,4.656270889731761,True
LSWI_spring_rise,0.0,0.130048469003724,True
LSWI_std,0.0,0.009812272417124814,True
NDBI_M03,0.0,0.1168805843141986,True
NDBI_M04,0.0,0.11911976914899941,True
NDBI_M05,0.0,0.07083212896470416,True
NDBI_M06,0.0,0.053483398887352325,True
NDBI_M07,0.0,0.05626873962519528,True
NDBI_M08,0.0,0.05093571411174896,True
NDBI_M09,0.0,0.05512321660420941,True
NDBI_M10,0.0,0.10519474213184586,True
NDMI_M03,0.0,0.11986154874844955,True
NDMI_M04,0.0,0.11996416407951035,True
NDMI_M05,0.0,0.07262238187343091,True
NDMI_M06,0.0,0.05499761131473166,True
NDMI_M07,0.0,0.057782354631999766,True
NDMI_M08,0.0,0.05212939107267373,True
NDMI_M09,0.0,0.05719093150864135,True
NDMI_M10,0.0,0.1061180371962129,True
NDMI_amp,0.0,0.0875501729625983,True
NDMI_autumn_decline,0.0,0.11104249247484468,True
NDMI_max,0.0,0.07954550698545101,True
NDMI_mean,0.0,0.041402318702077,True
NDMI_min,0.0,0.04269058249353219,True
NDMI_peak_month,0.0,4.632453733283597,True
NDMI_spring_rise,0.0,0.1360297788951655,True
NDMI_std,0.0,0.010949153605285351,True
NDVI_M03,0.0,0.014003914072905143,True
NDVI_M04,0.0,0.029379798606912543,True
NDVI_M05,0.0,0.10122483305128377,True
NDVI_M06,0.0,0.10918532910557278,True
NDVI_M07,0.0,0.10908742270438575,True
NDVI_M08,0.0,0.0957182824420888,True
NDVI_M09,0.0,0.07599441524029972,True
NDVI_M10,0.0,0.0407991134157102,True
NDVI_amp,0.0,0.08464738894237071,True
NDVI_autumn_decline,0.0,0.06008988508848957,True
NDVI_max,0.0,0.10148793956189757,True
NDVI_mean,0.0,0.05023835175935362,True
NDVI_min,0.0,0.019742532699304413,True
NDVI_peak_month,0.0,2.228243840645278,True
NDVI_spring_rise,0.0,0.09983614213788304,True
NDVI_std,0.0,0.010828523414968858,True
NDVI_tex_asm,0.0,0.006108622848360936,True
NDVI_tex_contrast,0.0,9339.256640109796,True
NDVI_tex_diss,0.0,13.42439119816666,True
NDVI_tex_ent,0.0,0.5204978188700019,True
NDVI_tex_idm,0.0,0.03686064592328399,True
NDVI_tex_var,0.0,27190.1492463329,True
VH_db_M03,0.0,28.948019248241344,True
VH_db_M04,0.0,26.32938624359292,True
VH_db_M05,0.0,23.254283337187093,True
VH_db_M06,0.0,21.248060288340447,True
VH_db_M07,0.0,20.793596810522267,True
VH_db_M08,0.0,21.88262373355279,True
VH_db_M09,0.0,23.87934202396634,True
VH_db_M10,0.0,25.268364467549148,True
VH_db_amp,0.0,9.950812093774397,True
VH_db_autumn_decline,0.0,10.044418270517385,True
VH_db_max,0.0,20.276220504389144,True
VH_db_mean,0.0,19.820372917031612,True
VH_db_min,0.0,24.091293199219784,True
VH_db_peak_month,0.0,4.059955976910037,True
VH_db_spring_rise,0.0,14.723788006320456,True
VH_db_std,0.0,1.2946444122972411,True
VV_VH_ratio_M03,0.0,61.032443240530185,True
VV_VH_ratio_M04,0.0,59.62077104382965,True
VV_VH_ratio_M05,0.0,22.237203983261615,True
VV_VH_ratio_M06,0.0,25.545558146299545,True
VV_VH_ratio_M07,0.0,25.036897274188064,True
VV_VH_ratio_M08,0.0,16.086732363844575,True
VV_VH_ratio_M09,0.0,24.302951837514563,True
VV_VH_ratio_M10,0.0,98.32475931056808,True
VV_VH_ratio_amp,0.0,111.31459323847166,True
VV_VH_ratio_autumn_decline,0.0,91.17522896929273,True
VV_VH_ratio_max,0.0,137.59101133744153,True
VV_VH_ratio_mean,0.0,23.36180544959278,True
VV_VH_ratio_min,0.0,4.438868866031079,True
VV_VH_ratio_peak_month,0.0,7.1480926405359595,True
VV_VH_ratio_spring_rise,0.0,61.01566823415965,True
VV_VH_ratio_std,0.0,12.290049296163389,True
VV_db_M03,0.0,31.042035365337604,True
VV_db_M04,0.0,27.347516452270632,True
VV_db_M05,0.0,27.64352504144871,True
VV_db_M06,0.0,25.602267760964054,True
VV_db_M07,0.0,24.31597453953487,True
VV_db_M08,0.0,24.717674379384285,True
VV_db_M09,0.0,26.953544450605612,True
VV_db_M10,0.0,27.707715217024965,True
VV_db_amp,0.0,7.787868986055974,True
VV_db_autumn_decline,0.0,7.091732283756416,True
VV_db_max,0.0,26.2726586141314,True
VV_db_mean,0.0,23.820633960715167,True
VV_db_min,0.0,26.01608645717426,True
VV_db_peak_month,0.0,5.388907806342722,True
VV_db_spring_rise,0.0,10.31632789977097,True
VV_db_std,0.0,0.9193014768121852,True
VV_minus_VH_db_M03,0.0,7.420176655483213,True
VV_minus_VH_db_M04,0.0,7.2689430854345884,True
VV_minus_VH_db_M05,0.0,5.074188532035714,True
VV_minus_VH_db_M06,0.0,4.629026452239628,True
VV_minus_VH_db_M07,0.0,4.1127280102637584,True
VV_minus_VH_db_M08,0.0,4.247180043392999,True
VV_minus_VH_db_M09,0.0,4.945877945263632,True
VV_minus_VH_db_M10,0.0,7.580212777309675,True
VV_minus_VH_db_amp,0.0,3.676529804433568,True
VV_minus_VH_db_autumn_decline,0.0,6.662524600458728,True
VV_minus_VH_db_max,0.0,6.671623510427111,True
VV_minus_VH_db_mean,0.0,3.595517197094808,True
VV_minus_VH_db_min,0.0,3.057222974952345,True
VV_minus_VH_db_peak_month,0.0,7.168126470360125,True
VV_minus_VH_db_spring_rise,0.0,6.788422233776332,True
VV_minus_VH_db_std,0.0,0.39168064735609104,True
aspect,0.0,13159.467044359173,True
blue_M03,0.0,0.08899336700605723,True
blue_M04,0.0,0.08618838980858132,True
blue_M05,0.0,0.05756131448327982,True
blue_M06,0.0,0.044535449782647576,True
blue_M07,0.0,0.021875248697410456,True
blue_M08,0.0,0.0201010456448869,True
blue_M09,0.0,0.027543305833310452,True
blue_M10,0.0,0.06491789865241533,True
dist_to_valley_proxy_m,0.0,144456540238.8577,True
elevation,0.0,859010.5928510489,True
green_M03,0.0,0.08195532567738695,True
green_M04,0.0,0.08094750024943011,True
green_M05,0.0,0.055470821430345846,True
green_M06,0.0,0.042809835073403205,True
green_M07,0.0,0.021912038136192132,True
green_M08,0.0,0.01963649659363857,True
green_M09,0.0,0.02654273103963829,True
green_M10,0.0,0.06036634516723527,True
nir_M03,0.0,0.057360263503594446,True
nir_M04,0.0,0.05174436515485325,True
nir_M05,0.0,0.02756615221017434,True
nir_M06,0.0,0.021757969021313266,True
nir_M07,0.0,0.015290551206062554,True
nir_M08,0.0,0.013980740778672228,True
nir_M09,0.0,0.01794906320735102,True
nir_M10,0.0,0.04096919160874559,True
red_M03,0.0,0.07686760956338896,True
red_M04,0.0,0.07829903453481024,True
red_M05,0.0,0.05784916505413899,True
red_M06,0.0,0.0457110336699324,True
red_M07,0.0,0.02461814892837113,True
red_M08,0.0,0.02138097625140265,True
red_M09,0.0,0.027158124485075156,True
red_M10,0.0,0.0571369327901131,True
slope,0.0,162.80632130207889,True
swir1_M03,0.0,0.00554532250966718,True
swir1_M04,0.0,0.008141410525609174,True
swir1_M05,0.0,0.00695506719098026,True
swir1_M06,0.0,0.00635365698511811,True
swir1_M07,0.0,0.007165726749624111,True
swir1_M08,0.0,0.007173362495046244,True
swir1_M09,0.0,0.008131171945150143,True
swir1_M10,0.0,0.007762689216148181,True
swir2_M03,0.0,0.004192655844210646,True
swir2_M04,0.0,0.005775669397005853,True
swir2_M05,0.0,0.005829199724910806,True
swir2_M06,0.0,0.005172164390924164,True
swir2_M07,0.0,0.006203029102803456,True
swir2_M08,0.0,0.005820194629825219,True
swir2_M09,0.0,0.006045613790593662,True
swir2_M10,0.0,0.004839161166020577,True
EVI_a0,0.0,0.022859078497773074,True
LSWI_a0,0.0,0.08730355003761407,True
NDMI_a0,0.0,0.10324314326546116,True
NDVI_a0,0.0,0.014394693088387783,True
VH_db_a0,0.0,30.321115439021284,True
VV_VH_ratio_a0,0.0,57.42820211712576,True
VV_db_a0,0.0,30.45034013364644,True
VV_minus_VH_db_a0,0.0,7.532229631575973,True
EVI_a1,0.0,0.07814280520888779,True
LSWI_a1,0.0,0.08203185875064647,True
NDMI_a1,0.0,0.08897841142214738,True
NDVI_a1,0.0,0.06361667713709158,True
VH_db_a1,0.0,8.447178304257882,True
VV_VH_ratio_a1,0.0,20.944614944650922,True
VV_db_a1,0.0,7.3103794049415844,True
VV_minus_VH_db_a1,0.0,3.04276079660093,True
EVI_a2,0.0,0.007433299841369571,True
LSWI_a2,0.0,0.013092065822591422,True
NDMI_a2,0.0,0.012888476687294608,True
NDVI_a2,0.0,0.006419156482404891,True
VH_db_a2,0.0,0.7486632164377975,True
VV_VH_ratio_a2,0.0,2.2322802216520645,True
VV_db_a2,0.0,0.7381864852611953,True
VV_minus_VH_db_a2,0.0,0.36443099834037124,True
EVI_a3,0.0,5.630677943817215e-05,True
LSWI_a3,0.0,0.00013388425738422902,True
NDMI_a3,0.0,0.00012993655404873046,True
NDVI_a3,0.0,5.371728894293067e-05,True
VH_db_a3,0.0,0.005996074906842476,True
VV_VH_ratio_a3,0.0,0.024922204949102793,True
VV_db_a3,0.0,0.006056393944669708,True
VV_minus_VH_db_a3,0.0,0.003584728645128135,True
EVI_r2,0.0,0.028074896248080072,True
LSWI_r2,0.0,0.06348585574510161,True
NDMI_r2,0.0,0.05709480161581474,True
NDVI_r2,0.0,0.026833111031640725,True
VH_db_r2,0.0,0.0740901954427149,True
VV_VH_ratio_r2,0.0,0.05933449198553393,True
VV_db_r2,0.0,0.06477597861670895,True
VV_minus_VH_db_r2,0.0,0.05959498927395339,True
